cosine (COM),scatter angle (COM),sine (COM),tan (COM),cos + 1/A,ratio,scatter angle (LAB),E= 1.000069 MeV - angular differential XS (b/sr),E=1 eV - Angular  differential XS (b/sr),E=998 keV - angular distribution (1/sr),E=45.81 keV - Angular ddistribution (1/sr),1 MeV cross section (barn),Ef/Ei
-1,180,1.22515E-16,6.80638E-19,-0.982142857,-1.24742E-16,180,0.172511325,0.958910748,0.655755,0.4769,3.801228692,0.964912281
-0.99,171.8903855,0.14106736,0.000820682,-0.972142857,-0.145109701,171.7434569,0.171348932,0.958910694,0.650571238,0.475606379,3.796762731,0.965087719
-0.98,168.521659,0.198997487,0.001180842,-0.962142857,-0.206827381,168.3144314,0.170203293,0.958910643,0.645479801,0.474376537,3.792404904,0.965263158
-0.97,165.9301323,0.243104916,0.001465104,-0.952142857,-0.255323992,165.6770195,0.169073804,0.958910594,0.640477659,0.473209017,3.788154311,0.965438596
-0.96,163.7397953,0.28,0.00171003,-0.942142857,-0.297194845,163.4483222,0.167959875,0.958910547,0.635561836,0.472102379,3.784009938,0.965614035
-0.95,161.8051277,0.3122499,0.00192979,-0.932142857,-0.334980736,161.4801429,0.166860929,0.958910503,0.630729416,0.4710552,3.779970661,0.965789474
-0.94,160.0515564,0.341174442,0.002131653,-0.922142857,-0.36998003,159.6965327,0.165776403,0.958910462,0.625977541,0.47006607,3.776035244,0.965964912
-0.93,158.434815,0.367559519,0.002319942,-0.912142857,-0.402962668,158.0524054,0.164705748,0.958910423,0.62130341,0.469133597,3.772202349,0.966140351
-0.92,156.9260819,0.391918359,0.002497471,-0.902142857,-0.434430485,156.5184042,0.163648429,0.958910386,0.616704281,0.468256406,3.768470531,0.966315789
-0.91,155.5053515,0.414608249,0.002666199,-0.892142857,-0.464733025,155.0741507,0.162603923,0.958910352,0.612177469,0.467433136,3.764838249,0.966491228
-0.9,154.1580672,0.435889894,0.002827552,-0.882142857,-0.494126196,153.7048162,0.161571723,0.95891032,0.607720345,0.466662444,3.761303859,0.966666667
-0.89,152.8732469,0.455960525,0.002982605,-0.872142857,-0.52280486,152.3992128,0.160551335,0.958910289,0.603330341,0.465943001,3.757865628,0.966842105
-0.88,151.6423634,0.474973683,0.003132197,-0.862142857,-0.550922251,151.1486531,0.159542277,0.958910261,0.599004946,0.465273496,3.754521725,0.967017544
-0.87,150.4586395,0.493051721,0.003276992,-0.852142857,-0.578602188,149.9462319,0.158544084,0.958910235,0.594741705,0.464652633,3.751270235,0.967192982
-0.86,149.3165829,0.510294033,0.003417531,-0.842142857,-0.605947113,148.7863533,0.157556303,0.958910211,0.590538222,0.464079133,3.748109153,0.967368421
-0.85,148.2116694,0.526782688,0.003554259,-0.832142857,-0.633043573,147.6644072,0.156578494,0.958910189,0.58639216,0.463551731,3.745036392,0.96754386
-0.84,147.1401196,0.542586399,0.003687549,-0.822142857,-0.65996608,146.5765426,0.155610233,0.958910169,0.582301237,0.46306918,3.742049781,0.967719298
-0.83,146.098738,0.557763391,0.003817715,-0.812142857,-0.686779901,145.5195029,0.154651106,0.958910151,0.578263232,0.462630249,3.739147074,0.967894737
-0.82,145.0847938,0.572363521,0.003945028,-0.802142857,-0.713543125,144.4905053,0.153700718,0.958910134,0.57427598,0.462233722,3.736325946,0.968070175
-0.81,144.0959314,0.586429876,0.004069718,-0.792142857,-0.74030823,143.4871492,0.152758682,0.958910119,0.570337373,0.4618784,3.733583999,0.968245614
-0.8,143.1301024,0.6,0.00419199,-0.782142857,-0.767123288,142.5073467,0.15182463,0.958910106,0.566445363,0.4615631,3.730918764,0.968421053
-0.79,142.1855115,0.613106842,0.004312021,-0.772142857,-0.794032913,141.5492682,0.150898205,0.958910095,0.562597958,0.461286654,3.728327702,0.968596491
-0.78,141.2605754,0.625779514,0.004429966,-0.762142857,-0.821079025,140.6113,0.149979063,0.958910085,0.558793224,0.461047911,3.725808207,0.96877193
-0.77,140.3538889,0.638043886,0.004545965,-0.752142857,-0.848301462,139.6920095,0.149066876,0.958910076,0.555029287,0.460845736,3.723357609,0.968947368
-0.76,139.4641979,0.649923072,0.004660143,-0.742142857,-0.8757385,138.7901188,0.148161328,0.958910069,0.551304329,0.460679011,3.720973175,0.969122807
-0.75,138.5903779,0.661437828,0.00477261,-0.732142857,-0.903427277,137.9044813,0.147262119,0.958910064,0.547616588,0.460546631,3.71865211,0.969298246
-0.74,137.7314156,0.672606869,0.004883467,-0.722142857,-0.93140417,137.0340643,0.146368959,0.958910059,0.543964364,0.46044751,3.71639156,0.969473684
-0.73,136.8863941,0.683447145,0.004992806,-0.712142857,-0.959705118,136.177933,0.145481575,0.958910057,0.54034601,0.460380578,3.714188614,0.969649123
-0.72,136.0544804,0.693974063,0.005100707,-0.702142857,-0.988365909,135.3352385,0.144599707,0.958910055,0.536759942,0.460344779,3.712040305,0.969824561
-0.71,135.2349153,0.704201676,0.005207248,-0.692142857,-1.017422442,134.5052065,0.143723109,0.958910055,0.53320463,0.460339075,3.709943612,0.97
-0.7,134.427004,0.714142843,0.005312495,-0.682142857,-1.046910974,133.6871288,0.142851547,0.958910056,0.529678603,0.460362444,3.707895461,0.970175439
-0.69,133.6301089,0.723809367,0.005416514,-0.672142857,-1.076868346,132.8803556,0.141984803,0.958910058,0.526180447,0.460413878,3.705892724,0.970350877
-0.68,132.843643,0.733212111,0.005519362,-0.662142857,-1.107332207,132.0842884,0.141122671,0.958910061,0.522708808,0.460492387,3.703932227,0.970526316
-0.67,132.0670648,0.742361098,0.005621092,-0.652142857,-1.138341224,131.298375,0.14026496,0.958910066,0.519262388,0.460596996,3.702010743,0.970701754
-0.66,131.2998728,0.751265599,0.005721754,-0.642142857,-1.169935304,130.5221044,0.139411492,0.958910071,0.515839947,0.460726748,3.700124999,0.970877193
-0.65,130.5416019,0.759934208,0.005821395,-0.632142857,-1.202155809,129.7550023,0.138562104,0.958910078,0.512440304,0.4608807,3.698271672,0.971052632
-0.64,129.7918195,0.768374908,0.005920057,-0.622142857,-1.235045777,128.9966278,0.137716645,0.958910085,0.509062333,0.461057925,3.696447396,0.97122807
-0.63,129.0501225,0.776595133,0.006017779,-0.612142857,-1.268650158,128.24657,0.136874978,0.958910093,0.505704969,0.461257514,3.694648758,0.971403509
-0.62,128.3161345,0.78460181,0.0061146,-0.602142857,-1.303016054,127.504445,0.136036982,0.958910103,0.502367203,0.461478572,3.692872299,0.971578947
-0.61,127.589503,0.792401413,0.006210553,-0.592142857,-1.338192978,126.7698937,0.135202547,0.958910113,0.499048084,0.461720221,3.691114518,0.971754386
-0.6,126.8698976,0.8,0.006305672,-0.582142857,-1.374233129,126.0425793,0.134371578,0.958910124,0.49574672,0.4619816,3.689371869,0.971929825
-0.59,126.1570082,0.807403245,0.006399987,-0.572142857,-1.411191689,125.3221855,0.133543994,0.958910135,0.492462275,0.462261862,3.687640764,0.972105263
-0.58,125.4505426,0.814616474,0.006493527,-0.562142857,-1.449127146,124.6084148,0.132719727,0.958910148,0.489193973,0.462560178,3.685917572,0.972280702
-0.57,124.7502258,0.821644692,0.006586318,-0.552142857,-1.488101642,123.9009866,0.131898723,0.958910161,0.485941093,0.462875733,3.68419862,0.97245614
-0.56,124.0557977,0.828492607,0.006678387,-0.542142857,-1.528181357,123.1996362,0.131080942,0.958910175,0.482702974,0.46320773,3.682480196,0.972631579
-0.55,123.367013,0.835164654,0.006769757,-0.532142857,-1.569436934,122.5041132,0.130266359,0.958910189,0.479479012,0.463555387,3.680758544,0.972807018
-0.54,122.6836388,0.841665017,0.00686045,-0.522142857,-1.611943944,121.8141807,0.129454959,0.958910205,0.476268662,0.463917939,3.679029871,0.972982456
-0.53,122.0054548,0.847997642,0.00695049,-0.512142857,-1.6557834,121.1296138,0.128646745,0.95891022,0.473071434,0.464294636,3.677290343,0.973157895
-0.52,121.3322515,0.85416626,0.007039895,-0.502142857,-1.701042339,120.4501993,0.127841732,0.958910237,0.469886899,0.464684745,3.675536086,0.973333333
-0.51,120.6638297,0.860174401,0.007128685,-0.492142857,-1.747814458,119.7757343,0.127039948,0.958910254,0.466714683,0.465087548,3.67376319,0.973508772
-0.5,120,0.866025404,0.007216878,-0.482142857,-1.796200837,119.1060257,0.126241435,0.958910271,0.463554473,0.465502344,3.671967706,0.973684211
-0.49,119.3405816,0.871722433,0.007304493,-0.472142857,-1.84631075,118.4408894,0.12544625,0.958910289,0.46040601,0.465928447,3.670145651,0.973859649
-0.48,118.685402,0.877268488,0.007391545,-0.462142857,-1.898262571,117.7801499,0.124654464,0.958910307,0.457269097,0.466365189,3.668293002,0.974035088
-0.47,118.0342965,0.882666415,0.00747805,-0.452142857,-1.952184804,117.1236392,0.123866159,0.958910326,0.454143591,0.466811916,3.666405706,0.974210526
-0.46,117.3871075,0.887918915,0.007564024,-0.442142857,-2.008217256,116.4711969,0.123081433,0.958910345,0.451029408,0.467267991,3.664479674,0.974385965
-0.45,116.743684,0.893028555,0.007649481,-0.432142857,-2.066512359,115.8226694,0.122300397,0.958910364,0.447926524,0.467732793,3.662510787,0.974561404
-0.44,116.1038811,0.897997773,0.007734434,-0.422142857,-2.127236687,115.1779092,0.121523177,0.958910384,0.444834971,0.468205718,3.660494895,0.974736842
-0.43,115.4675601,0.902828887,0.007818896,-0.412142857,-2.190572691,114.5367749,0.120749912,0.958910404,0.441754837,0.468686175,3.65842782,0.974912281
-0.42,114.8345875,0.907524104,0.007902881,-0.402142857,-2.256720686,113.8991308,0.119980753,0.958910425,0.438686271,0.469173594,3.656305359,0.975087719
-0.41,114.2048348,0.912085522,0.0079864,-0.392142857,-2.32590115,113.2648463,0.119215868,0.958910445,0.435629479,0.469667415,3.654123284,0.975263158
-0.4,113.5781785,0.916515139,0.008069465,-0.382142857,-2.398357373,112.6337955,0.118455436,0.958910466,0.432584723,0.4701671,3.651877349,0.975438596
-0.39,112.9544994,0.920814857,0.008152087,-0.372142857,-2.47435854,112.0058574,0.117699651,0.958910487,0.429552324,0.470672123,3.649563287,0.975614035
-0.38,112.3336827,0.924986486,0.008234275,-0.362142857,-2.554203315,111.380915,0.116948721,0.958910509,0.426532662,0.471181976,3.647176819,0.975789474
-0.37,111.7156173,0.929031754,0.008316042,-0.352142857,-2.638224048,110.7588556,0.116202866,0.95891053,0.423526174,0.471696166,3.644713656,0.975964912
-0.36,111.100196,0.932952303,0.008397396,-0.342142857,-2.7267917,110.1395702,0.115462324,0.958910552,0.420533354,0.472214217,3.642169503,0.976140351
-0.35,110.4873151,0.9367497,0.008478346,-0.332142857,-2.820321677,109.5229533,0.114727341,0.958910574,0.417554753,0.472735668,3.639540063,0.976315789
-0.34,109.8768741,0.940425436,0.008558902,-0.322142857,-2.919280731,108.9089028,0.113998181,0.958910596,0.414590984,0.473260076,3.636821045,0.976491228
-0.33,109.2687755,0.943980932,0.008639073,-0.312142857,-3.024195206,108.2973198,0.11327512,0.958910618,0.411642712,0.473787011,3.634008167,0.976666667
-0.32,108.6629249,0.947417543,0.008718867,-0.302142857,-3.135660897,107.6881083,0.112558449,0.95891064,0.408710665,0.474316063,3.631097166,0.976842105
-0.31,108.0592305,0.950736557,0.008798291,-0.292142857,-3.254354961,107.0811752,0.111848471,0.958910662,0.405795625,0.474846833,3.6280838,0.977017544
-0.3,107.4576031,0.953939201,0.008877354,-0.282142857,-3.381050334,106.4764299,0.111145504,0.958910684,0.402898435,0.475378944,3.624963862,0.977192982
-0.29,106.857956,0.957026645,0.008956064,-0.272142857,-3.516633343,105.8737845,0.110449879,0.958910707,0.400019993,0.47591203,3.621733184,0.977368421
-0.28,106.2602047,0.96,0.009034426,-0.262142857,-3.662125341,105.2731533,0.109761942,0.958910729,0.397161257,0.476445743,3.618387648,0.97754386
-0.27,105.6642669,0.962860322,0.00911245,-0.252142857,-3.818709493,104.6744527,0.109082052,0.958910752,0.39432324,0.476979753,3.614923194,0.977719298
-0.26,105.0700621,0.965608616,0.00919014,-0.242142857,-3.987764197,104.0776013,0.108410581,0.958910774,0.391507017,0.477513742,3.611335835,0.977894737
-0.25,104.4775122,0.968245837,0.009267505,-0.232142857,-4.170905142,103.4825198,0.107747916,0.958910796,0.388713717,0.478047412,3.607621666,0.978070175
-0.24,103.8865404,0.970772888,0.009344549,-0.222142857,-4.370038724,102.8891306,0.107094457,0.958910819,0.385944529,0.478580479,3.603776874,0.978245614
-0.23,103.2970717,0.973190629,0.00942128,-0.212142857,-4.587430574,102.2973576,0.106450619,0.958910841,0.383200698,0.479112674,3.599797757,0.978421053
-0.22,102.709033,0.975499872,0.009497703,-0.202142857,-4.825794419,101.7071268,0.105816828,0.958910863,0.380483529,0.479643747,3.595680735,0.978596491
-0.21,102.1223522,0.977701386,0.009573824,-0.192142857,-5.0884087,101.1183653,0.105193526,0.958910885,0.377794383,0.480173462,3.591422364,0.97877193
-0.2,101.536959,0.979795897,0.009649648,-0.182142857,-5.379271592,100.531002,0.10458117,0.958910907,0.37513468,0.4807016,3.587019356,0.978947368
-0.19,100.9527842,0.98178409,0.009725181,-0.172142857,-5.703310068,99.9449669,0.103980227,0.958910929,0.372505897,0.481227957,3.582468593,0.979122807
-0.18,100.3697598,0.98366661,0.009800428,-0.162142857,-6.066666318,99.36019133,0.103391181,0.958910951,0.369909569,0.481752346,3.577767146,0.979298246
-0.17,99.78781906,0.985444062,0.009875394,-0.152142857,-6.477097123,98.77660782,0.102814528,0.958910973,0.36734729,0.482274596,3.572912293,0.979473684
-0.16,99.20689622,0.987117014,0.009950085,-0.142142857,-6.944541809,98.19415001,0.102250778,0.958910995,0.364820709,0.482794552,3.567901542,0.979649123
-0.15,98.62692656,0.988685997,0.010024504,-0.132142857,-7.481948083,97.61275255,0.101700457,0.958911017,0.362331536,0.483312075,3.562732645,0.979824561
-0.14,98.04784625,0.990151504,0.010098656,-0.122142857,-8.106503538,97.03235105,0.1011641,0.958911038,0.359881537,0.483827041,3.557403628,0.98
-0.13,97.46959232,0.991513994,0.010172547,-0.112142857,-8.84152606,96.45288202,0.100642261,0.95891106,0.357472536,0.484339344,3.551912806,0.980175439
-0.12,96.89210258,0.992773892,0.01024618,-0.102142857,-9.719464674,95.87428278,0.100135505,0.958911081,0.355106415,0.484848892,3.546258809,0.980350877
-0.11,96.31531557,0.993931587,0.010319559,-0.092142857,-10.78685443,95.2964914,0.09964441,0.958911102,0.352785114,0.485355612,3.540440605,0.980526316
-0.1,95.73917048,0.994987437,0.010392689,-0.082142857,-12.11289054,94.71944666,0.099169569,0.958911123,0.35051063,0.485859444,3.534457523,0.980701754
-0.09,95.16360709,0.995941765,0.010465574,-0.072142857,-13.80513338,94.14308795,0.09871159,0.958911144,0.348285019,0.486360345,3.528309277,0.980877193
-0.08,94.58856574,0.996794864,0.010538217,-0.062142857,-16.04037711,93.56735524,0.098271093,0.958911165,0.346110395,0.48685829,3.521995991,0.981052632
-0.07,94.01398722,0.997546991,0.010610623,-0.052142857,-19.13103819,92.99218902,0.097848711,0.958911186,0.343988927,0.487353267,3.515518223,0.98122807
-0.06,93.43981277,0.998198377,0.010682795,-0.042142857,-23.68606318,92.41753023,0.097445093,0.958911206,0.341922845,0.487845282,3.508876988,0.981403509
-0.05,92.86598398,0.998749218,0.010754737,-0.032142857,-31.07219789,91.84332021,0.097060901,0.958911227,0.339914437,0.488334356,3.502073782,0.981578947
-0.04,92.29244278,0.99919968,0.010826452,-0.022142857,-45.12514683,91.26950065,0.09669681,0.958911247,0.337966045,0.488820527,3.495110605,0.981754386
-0.03,91.71913132,0.999549899,0.010897943,-0.012142857,-82.31587401,90.69601352,0.096353509,0.958911267,0.336080073,0.48930385,3.487989983,0.981929825
-0.02,91.145992,0.99979998,0.010969215,-0.002142857,-466.573324,90.12280105,0.096031701,0.958911288,0.33425898,0.489784393,3.480714991,0.982105263
-0.01,90.57296734,0.999949999,0.01104027,0.007857143,127.2663635,89.54980563,0.095732103,0.958911308,0.332505285,0.490262242,3.473289269,0.982280702
0,90,1,0.011111111,0.017857143,56,88.97696981,0.095455445,0.958911327,0.330821563,0.4907375,3.465717041,0.98245614
0.01,89.42703266,0.999949999,0.011181742,0.027857143,35.89564098,88.40423621,0.095202472,0.958911347,0.329210447,0.491210284,3.458003132,0.982631579
0.02,88.854008,0.99979998,0.011252165,0.037857143,26.40981079,87.83154748,0.094973942,0.958911367,0.32767463,0.491680729,3.450152982,0.982807018
0.03,88.28086868,0.999549899,0.011322384,0.047857143,20.88611729,87.25884626,0.094770627,0.958911387,0.326216859,0.492148984,3.442172656,0.982982456
0.04,87.70755722,0.99919968,0.011392401,0.057857143,17.27011792,86.68607509,0.094593311,0.958911406,0.324839943,0.492615215,3.434068851,0.983157895
0.05,87.13401602,0.998749218,0.01146222,0.067857143,14.71840953,86.11317642,0.094442795,0.958911426,0.323546746,0.493079606,3.425848903,0.983333333
0.06,86.56018723,0.998198377,0.011531842,0.077857143,12.82089659,85.5400925,0.094319892,0.958911445,0.322340191,0.493542354,3.417520789,0.983508772
0.07,85.98601278,0.997546991,0.01160127,0.087857143,11.3541934,84.96676535,0.094225427,0.958911464,0.321223257,0.494003673,3.409093123,0.983684211
0.08,85.41143426,0.996794864,0.011670508,0.097857143,10.18622488,84.39313674,0.094160243,0.958911483,0.320198983,0.494463794,3.40057515,0.983859649
0.09,84.83639291,0.995941765,0.011739558,0.107857143,9.233897162,83.81914805,0.094125193,0.958911503,0.319270465,0.494922963,3.391976735,0.984035088
0.1,84.26082952,0.994987437,0.011808422,0.117857143,8.442317648,83.24474032,0.094121146,0.958911522,0.318440858,0.495381444,3.38330835,0.984210526
0.11,83.68468443,0.993931587,0.011877103,0.127857143,7.773766604,82.6698541,0.094148982,0.958911541,0.317713371,0.495839514,3.374581052,0.984385965
0.12,83.10789742,0.992773892,0.011945602,0.137857143,7.201468644,82.09442947,0.094209599,0.95891156,0.317091276,0.496297468,3.365806461,0.984561404
0.13,82.53040768,0.991513994,0.012013923,0.147857143,6.705891746,81.51840591,0.094303905,0.958911579,0.316577899,0.496755618,3.356996727,0.984736842
0.14,81.95215375,0.990151504,0.012082068,0.157857143,6.272452964,80.94172232,0.094432823,0.958911599,0.316176626,0.497214289,3.348164499,0.984912281
0.15,81.37307344,0.988685997,0.012150039,0.167857143,5.890044235,80.36431687,0.094597291,0.958911618,0.315890898,0.497673825,3.339322887,0.985087719
0.16,80.79310378,0.987117014,0.012217838,0.177857143,5.550055502,79.78612701,0.094798259,0.958911637,0.315724217,0.498134584,3.330485414,0.985263158
0.17,80.21218094,0.985444062,0.012285467,0.187857143,5.245709838,79.20708936,0.095036691,0.958911656,0.315680142,0.498596942,3.321665972,0.985438596
0.18,79.63024019,0.98366661,0.012352928,0.197857143,4.971600196,78.62713968,0.095313566,0.958911676,0.315762288,0.49906129,3.312878765,0.985614035
0.19,79.0472158,0.98178409,0.012420224,0.207857143,4.723359885,78.04621275,0.095629876,0.958911695,0.31597433,0.499528035,3.304138258,0.985789474
0.2,78.46304097,0.979795897,0.012487356,0.217857143,4.49742379,77.46424234,0.095986626,0.958911715,0.31632,0.4999976,3.295459113,0.985964912
0.21,77.87764776,0.977701386,0.012554326,0.227857143,4.290852477,76.8811611,0.096384836,0.958911735,0.316803087,0.500470424,3.286856126,0.986140351
0.22,77.29096701,0.975499872,0.012621137,0.237857143,4.101200662,76.29690053,0.096825539,0.958911755,0.317427439,0.500946963,3.278344162,0.986315789
0.23,76.70292825,0.973190629,0.01268779,0.247857143,3.926417523,75.71139083,0.097309782,0.958911775,0.318196962,0.501427688,3.269938086,0.986491228
0.24,76.11345964,0.970772888,0.012754287,0.257857143,3.764770203,75.12456088,0.097838626,0.958911795,0.319115618,0.501913087,3.261652692,0.986666667
0.25,75.52248781,0.968245837,0.01282063,0.267857143,3.614784456,74.53633809,0.098413145,0.958911816,0.320187428,0.502403662,3.253502634,0.986842105
0.26,74.92993786,0.965608616,0.01288682,0.277857143,3.475198105,73.94664836,0.099034429,0.958911837,0.321416472,0.502899934,3.245502356,0.987017544
0.27,74.33573315,0.962860322,0.01295286,0.287857143,3.344924196,73.35541594,0.099703578,0.958911858,0.322806885,0.503402439,3.237666016,0.987192982
0.28,73.73979529,0.96,0.013018751,0.297857143,3.223021583,72.76256333,0.100421708,0.958911879,0.324362863,0.503911727,3.230007421,0.987368421
0.29,73.14204398,0.957026645,0.013084494,0.307857143,3.108671238,72.1680112,0.10118995,0.958911901,0.326088657,0.504428368,3.222539959,0.98754386
0.3,72.54239688,0.953939201,0.013150092,0.317857143,3.001157038,71.57167822,0.102009446,0.958911923,0.327988578,0.504952944,3.21527653,0.987719298
0.31,71.94076951,0.950736557,0.013215546,0.327857143,2.899850064,70.97348098,0.102881354,0.958911945,0.330066993,0.505486055,3.208229488,0.987894737
0.32,71.33707512,0.947417543,0.013280858,0.337857143,2.804195686,70.37333387,0.103806844,0.958911968,0.332328328,0.506028319,3.201410577,0.988070175
0.33,70.73122451,0.943980932,0.013346028,0.347857143,2.713702885,69.77114886,0.104787101,0.958911991,0.334777066,0.506580365,3.194830884,0.988245614
0.34,70.12312593,0.940425436,0.01341106,0.357857143,2.627935349,69.16683546,0.105823323,0.958912014,0.337417749,0.507142844,3.188500782,0.988421053
0.35,69.51268489,0.9367497,0.013475953,0.367857143,2.546504038,68.56030048,0.106916723,0.958912038,0.340254976,0.507716418,3.182429891,0.988596491
0.36,68.89980398,0.932952303,0.013540711,0.377857143,2.469060916,67.95144791,0.108068527,0.958912063,0.343293404,0.508301769,3.176627036,0.98877193
0.37,68.28438272,0.929031754,0.013605333,0.387857143,2.395293657,67.34017871,0.109279973,0.958912088,0.346537747,0.508899592,3.171100217,0.988947368
0.38,67.66631734,0.924986486,0.013669822,0.397857143,2.324921151,66.72639064,0.110552316,0.958912113,0.349992778,0.5095106,3.165856582,0.989122807
0.39,67.0455006,0.920814857,0.013734178,0.407857143,2.257689666,66.10997805,0.111886823,0.95891214,0.353663327,0.510135521,3.160902403,0.989298246
0.4,66.42182152,0.916515139,0.013798404,0.417857143,2.193369563,65.49083167,0.113284774,0.958912166,0.357554283,0.5107751,3.156243067,0.989473684
0.41,65.7951652,0.912085522,0.013862501,0.427857143,2.131752473,64.86883835,0.114747464,0.958912194,0.36167059,0.511430097,3.151883068,0.989649123
0.42,65.16541251,0.907524104,0.013926469,0.437857143,2.072648852,64.24388083,0.116276203,0.958912222,0.366017254,0.51210129,3.147826002,0.989824561
0.43,64.53243986,0.902828887,0.013990311,0.447857143,2.015885873,63.61583748,0.117872311,0.958912251,0.370599336,0.512789469,3.144074575,0.99
0.44,63.89611886,0.897997773,0.014054027,0.457857143,1.961305588,62.98458198,0.119537125,0.95891228,0.375421954,0.513495446,3.140630614,0.990175439
0.45,63.25631605,0.893028555,0.014117619,0.467857143,1.908763324,62.34998302,0.121271995,0.958912311,0.380490287,0.514220043,3.137495079,0.990350877
0.46,62.6128925,0.887918915,0.014181088,0.477857143,1.85812628,61.71190396,0.123078284,0.958912342,0.385809568,0.514964103,3.134668091,0.990526316
0.47,61.96570347,0.882666415,0.014244435,0.487857143,1.8092723,61.07020245,0.124957369,0.958912374,0.391385092,0.515728482,3.13214895,0.990701754
0.48,61.31459799,0.877268488,0.014307661,0.497857143,1.762088785,60.42473006,0.126910642,0.958912407,0.397222208,0.516514053,3.129936171,0.990877193
0.49,60.65941842,0.871722433,0.014370768,0.507857143,1.716471738,59.77533182,0.128939507,0.95891244,0.403326326,0.517321705,3.128027518,0.991052632
0.5,60,0.866025404,0.014433757,0.517857143,1.672324918,59.12184575,0.131045383,0.958912475,0.40970291,0.518152344,3.126420036,0.99122807
0.51,59.33617026,0.860174401,0.014496628,0.527857143,1.629559082,58.46410236,0.133229702,0.958912511,0.416357486,0.51900689,3.125110098,0.991403509
0.52,58.6677485,0.85416626,0.014559384,0.537857143,1.58809132,57.80192408,0.13549391,0.958912548,0.423295635,0.519886281,3.124093444,0.991578947
0.53,57.99454517,0.847997642,0.014622024,0.547857143,1.547844456,57.13512465,0.137839467,0.958912586,0.430522997,0.52079147,3.123365224,0.991754386
0.54,57.31636115,0.841665017,0.014684551,0.557857143,1.508746508,56.46350846,0.140267846,0.958912625,0.438045269,0.521723427,3.122920045,0.991929825
0.55,56.63298703,0.835164654,0.014746965,0.567857143,1.470730209,55.78686977,0.142780536,0.958912665,0.445868206,0.522683137,3.122752021,0.992105263
0.56,55.94420226,0.828492607,0.014809267,0.577857143,1.433732571,55.10499195,0.145379036,0.958912706,0.453997623,0.523671602,3.122854812,0.992280702
0.57,55.24977425,0.821644692,0.014871458,0.587857143,1.397694494,54.41764656,0.148064862,0.958912749,0.462439389,0.524689839,3.12322168,0.99245614
0.58,54.54945736,0.814616474,0.014933539,0.597857143,1.362560411,53.72459237,0.150839543,0.958912793,0.471199433,0.525738882,3.123845528,0.992631579
0.59,53.8429918,0.807403245,0.014995512,0.607857143,1.328277959,53.02557424,0.153704621,0.958912838,0.480283742,0.52681978,3.12471895,0.992807018
0.6,53.13010235,0.8,0.015057377,0.617857143,1.294797688,52.32032194,0.156661652,0.958912885,0.48969836,0.5279336,3.125834272,0.992982456
0.61,52.41049704,0.792401413,0.015119136,0.627857143,1.262072786,51.60854876,0.159712205,0.958912933,0.49944939,0.529081423,3.127183602,0.993157895
0.62,51.68386553,0.78460181,0.015180788,0.637857143,1.230058828,50.88995003,0.162857866,0.958912982,0.50954299,0.530264348,3.128758863,0.993333333
0.63,50.94987746,0.776595133,0.015242336,0.647857143,1.198713545,50.16420142,0.16610023,0.958913033,0.51998538,0.531483488,3.130551839,0.993508772
0.64,50.2081805,0.768374908,0.015303779,0.657857143,1.167996604,49.430957,0.169440909,0.958913086,0.530782835,0.532739973,3.132554214,0.993684211
0.65,49.45839813,0.759934208,0.01536512,0.667857143,1.137869402,48.68984718,0.172881529,0.95891314,0.541941687,0.53403495,3.1347576,0.993859649
0.66,48.70012721,0.751265599,0.015426358,0.677857143,1.108294877,47.9404762,0.176423728,0.958913196,0.553468329,0.53536958,3.137153581,0.994035088
0.67,47.9329352,0.742361098,0.015487495,0.687857143,1.079237318,47.18241949,0.180069158,0.958913254,0.565369209,0.536745042,3.139733736,0.994210526
0.68,47.15635696,0.733212111,0.015548532,0.697857143,1.050662186,46.41522046,0.183819485,0.958913313,0.577650834,0.538162531,3.142489675,0.994385965
0.69,46.36989113,0.723809367,0.015609469,0.707857143,1.022535937,45.63838701,0.18767639,0.958913374,0.590319768,0.539623256,3.145413059,0.994561404
0.7,45.572996,0.714142843,0.015670307,0.717857143,0.994825851,44.8513874,0.191641567,0.958913437,0.603382635,0.541128444,3.148495632,0.994736842
0.71,44.76508467,0.704201676,0.015731048,0.727857143,0.967499849,44.05364559,0.195716722,0.958913502,0.616846114,0.542679337,3.151729238,0.994912281
0.72,43.94551956,0.693974063,0.015791691,0.737857143,0.94052632,43.24453576,0.199903577,0.958913569,0.630716944,0.544277195,3.155105841,0.995087719
0.73,43.11360595,0.683447145,0.015852238,0.747857143,0.913873928,42.42337604,0.204203868,0.958913638,0.64500192,0.545923292,3.158617548,0.995263158
0.74,42.26858443,0.672606869,0.01591269,0.757857143,0.88751142,41.58942105,0.208619342,0.958913709,0.659707896,0.547618918,3.162256619,0.995438596
0.75,41.40962211,0.661437828,0.015973047,0.767857143,0.861407404,40.7418533,0.213151763,0.958913782,0.674841783,0.549365381,3.166015486,0.995614035
0.76,40.53580211,0.649923072,0.01603331,0.777857143,0.835530121,39.87977283,0.217802907,0.958913857,0.690410552,0.551164003,3.16988676,0.995789474
0.77,39.64611115,0.638043886,0.01609348,0.787857143,0.80984718,39.00218508,0.222574564,0.958913935,0.706421228,0.553016122,3.173863245,0.995964912
0.78,38.7394246,0.625779514,0.016153557,0.797857143,0.784325264,38.10798618,0.227468538,0.958914015,0.722880897,0.554923095,3.177937947,0.996140351
0.79,37.81448851,0.613106842,0.016213543,0.807857143,0.758929778,37.19594528,0.232486645,0.958914097,0.739796702,0.556886292,3.182104075,0.996315789
0.8,36.86989765,0.6,0.016273438,0.817857143,0.733624454,36.26468305,0.237630719,0.958914181,0.757175843,0.5589071,3.186355054,0.996491228
0.81,35.90406858,0.586429876,0.016333243,0.827857143,0.70837086,35.31264518,0.242902603,0.958914268,0.775025578,0.560986922,3.190684525,0.996666667
0.82,34.91520625,0.572363521,0.016392958,0.837857143,0.683127817,34.33806959,0.248304158,0.958914358,0.793353224,0.563127178,3.195086347,0.996842105
0.83,33.901262,0.557763391,0.016452585,0.847857143,0.657850671,33.33894522,0.253837254,0.95891445,0.812166154,0.565329303,3.199554602,0.997017544
0.84,32.85988038,0.542586399,0.016512123,0.857857143,0.63249039,32.31295979,0.259503779,0.958914545,0.831471801,0.567594748,3.204083592,0.997192982
0.85,31.78833062,0.526782688,0.016571574,0.867857143,0.606992397,31.25743245,0.265305633,0.958914643,0.851277654,0.569924981,3.208667842,0.997368421
0.86,30.68341711,0.510294033,0.016630939,0.877857143,0.581295074,30.16922595,0.27124473,0.958914743,0.871591261,0.572321485,3.213302095,0.99754386
0.87,29.5413605,0.493051721,0.016690217,0.887857143,0.555327763,29.0446298,0.277322998,0.958914846,0.892420226,0.574785759,3.217981315,0.997719298
0.88,28.35763658,0.474973683,0.01674941,0.897857143,0.52900808,27.87920207,0.283542378,0.958914952,0.913772213,0.57731932,3.222700679,0.997894737
0.89,27.12675312,0.455960525,0.016808518,0.907857143,0.502238186,26.66755019,0.289904824,0.958915061,0.935654942,0.579923699,3.227455578,0.998070175
0.9,25.84193276,0.435889894,0.016867542,0.917857143,0.474899496,25.40301953,0.296412307,0.958915173,0.958076193,0.582600444,3.23224161,0.998245614
0.91,24.49464847,0.414608249,0.016926483,0.927857143,0.446844918,24.07723708,0.303066809,0.958915288,0.981043801,0.585351118,3.237054578,0.998421053
0.92,23.07391807,0.391918359,0.016985341,0.937857143,0.417887054,22.67941854,0.309870326,0.958915407,1.004565661,0.588177302,3.241890484,0.998596491
0.93,21.56518502,0.367559519,0.017044116,0.947857143,0.387779447,21.19526904,0.316824869,0.958915528,1.028649725,0.591080591,3.246745527,0.99877193
0.94,19.94844359,0.341174442,0.01710281,0.957857143,0.3561851,19.60514149,0.323932461,0.958915653,1.053304003,0.594062598,3.251616093,0.998947368
0.95,18.19487234,0.3122499,0.017161423,0.967857143,0.322619823,17.88072972,0.331195141,0.958915781,1.078536562,0.59712495,3.256498753,0.999122807
0.96,16.26020471,0.28,0.017219955,0.977857143,0.286340394,15.97855638,0.338614959,0.958915913,1.104355529,0.600269291,3.261390258,0.999298246
0.97,14.06986775,0.243104916,0.017278408,0.987857143,0.24609319,13.82537414,0.346193982,0.958916048,1.130769086,0.603497283,3.266287529,0.999473684
0.98,11.47834095,0.198997487,0.017336781,0.997857143,0.199424826,11.27824145,0.353934288,0.958916187,1.157785475,0.606810601,3.271187657,0.999649123
0.99,8.109614456,0.14106736,0.017395076,1.007857143,0.139967614,7.96779049,0.36183797,0.958916329,1.185412994,0.610210937,3.276087894,0.999824561
1,0,0,#DIV/0!,1.017857143,0,0,0.369907135,0.958916475,1.21366,0.6137,3.280985646,1
