cosine (COM),scatter angle (COM),sine (COM),tan (COM),cos + 1/A,ratio,scatter angle (LAB),E= 1 MeV - angular differential XS (b/sr),E=1 eV - Angular  differential XS (b/sr),E=1 MeV - angular distribution (1/sr),E=1 eV - Angular distribution (1/sr),1 MeV cross section (barn),Ef/Ei
-1,180,1.22515E-16,6.80638E-19,0,#DIV/0!,90,0.338605838,1.646850211,0.501047945,0.500000002,1.479738056,0
-0.99,171.8903855,0.14106736,0.000820682,0.01,14.10673598,85.94519277,0.33859944,1.646850211,0.501038478,0.500000002,1.479738056,0.005
-0.98,168.521659,0.198997487,0.001180842,0.02,9.949874371,84.26082952,0.338593033,1.646850211,0.501028996,0.500000002,1.479738056,0.01
-0.97,165.9301323,0.243104916,0.001465104,0.03,8.103497187,82.96506613,0.338586615,1.646850211,0.501019499,0.500000002,1.479738056,0.015
-0.96,163.7397953,0.28,0.00171003,0.04,7,81.86989765,0.338580187,1.646850211,0.501009988,0.500000002,1.479738056,0.02
-0.95,161.8051277,0.3122499,0.00192979,0.05,6.244997998,80.90256383,0.338573749,1.646850211,0.501000462,0.500000002,1.479738056,0.025
-0.94,160.0515564,0.341174442,0.002131653,0.06,5.686240703,80.02577821,0.338567302,1.646850211,0.500990921,0.500000002,1.479738056,0.03
-0.93,158.434815,0.367559519,0.002319942,0.07,5.250850271,79.21740749,0.338560844,1.646850211,0.500981365,0.500000002,1.479738056,0.035
-0.92,156.9260819,0.391918359,0.002497471,0.08,4.898979486,78.46304097,0.338554376,1.64685021,0.500971795,0.500000002,1.479738056,0.04
-0.91,155.5053515,0.414608249,0.002666199,0.09,4.60675832,77.75267576,0.338547899,1.64685021,0.50096221,0.500000002,1.479738056,0.045
-0.9,154.1580672,0.435889894,0.002827552,0.1,4.358898944,77.07903362,0.338541411,1.64685021,0.50095261,0.500000002,1.479738056,0.05
-0.89,152.8732469,0.455960525,0.002982605,0.11,4.145095678,76.43662344,0.338534913,1.64685021,0.500942995,0.500000002,1.479738056,0.055
-0.88,151.6423634,0.474973683,0.003132197,0.12,3.958114029,75.82118171,0.338528406,1.64685021,0.500933365,0.500000002,1.479738056,0.06
-0.87,150.4586395,0.493051721,0.003276992,0.13,3.792705549,75.22931975,0.338521888,1.64685021,0.50092372,0.500000002,1.479738056,0.065
-0.86,149.3165829,0.510294033,0.003417531,0.14,3.644957378,74.65829145,0.33851536,1.64685021,0.500914061,0.500000002,1.479738056,0.07
-0.85,148.2116694,0.526782688,0.003554259,0.15,3.511884584,74.10583469,0.338508822,1.64685021,0.500904387,0.500000002,1.479738056,0.075
-0.84,147.1401196,0.542586399,0.003687549,0.16,3.391164992,73.57005981,0.338502274,1.64685021,0.500894697,0.500000002,1.479738056,0.08
-0.83,146.098738,0.557763391,0.003817715,0.17,3.280961122,73.049369,0.338495716,1.64685021,0.500884993,0.500000002,1.479738056,0.085
-0.82,145.0847938,0.572363521,0.003945028,0.18,3.179797338,72.54239688,0.338489148,1.64685021,0.500875274,0.500000002,1.479738056,0.09
-0.81,144.0959314,0.586429876,0.004069718,0.19,3.086473034,72.04796571,0.33848257,1.64685021,0.50086554,0.500000002,1.479738056,0.095
-0.8,143.1301024,0.6,0.00419199,0.2,3,71.56505118,0.338475982,1.64685021,0.500855791,0.500000002,1.479738056,0.1
-0.79,142.1855115,0.613106842,0.004312021,0.21,2.919556392,71.09275575,0.338469383,1.646850209,0.500846027,0.500000002,1.479738056,0.105
-0.78,141.2605754,0.625779514,0.004429966,0.22,2.844452336,70.6302877,0.338462775,1.646850209,0.500836248,0.500000002,1.479738056,0.11
-0.77,140.3538889,0.638043886,0.004545965,0.23,2.774103851,70.17694443,0.338456156,1.646850209,0.500826454,0.500000002,1.479738056,0.115
-0.76,139.4641979,0.649923072,0.004660143,0.24,2.708012802,69.73209894,0.338449527,1.646850209,0.500816645,0.500000002,1.479738056,0.12
-0.75,138.5903779,0.661437828,0.00477261,0.25,2.645751311,69.29518895,0.338442888,1.646850209,0.500806822,0.500000002,1.479738056,0.125
-0.74,137.7314156,0.672606869,0.004883467,0.26,2.586949496,68.86570779,0.338436239,1.646850209,0.500796983,0.500000002,1.479738056,0.13
-0.73,136.8863941,0.683447145,0.004992806,0.27,2.531285722,68.44319703,0.33842958,1.646850209,0.500787129,0.500000002,1.479738056,0.135
-0.72,136.0544804,0.693974063,0.005100707,0.28,2.478478796,68.02724022,0.338422911,1.646850209,0.50077726,0.500000002,1.479738056,0.14
-0.71,135.2349153,0.704201676,0.005207248,0.29,2.42828164,67.61745766,0.338416231,1.646850209,0.500767376,0.500000002,1.479738056,0.145
-0.7,134.427004,0.714142843,0.005312495,0.3,2.380476143,67.213502,0.338409541,1.646850209,0.500757477,0.500000002,1.479738056,0.15
-0.69,133.6301089,0.723809367,0.005416514,0.31,2.334868926,66.81505443,0.338402841,1.646850209,0.500747563,0.500000002,1.479738056,0.155
-0.68,132.843643,0.733212111,0.005519362,0.32,2.291287847,66.42182152,0.338396131,1.646850209,0.500737634,0.500000002,1.479738056,0.16
-0.67,132.0670648,0.742361098,0.005621092,0.33,2.249579085,66.0335324,0.338389411,1.646850209,0.500727689,0.500000002,1.479738056,0.165
-0.66,131.2998728,0.751265599,0.005721754,0.34,2.209604702,65.6499364,0.338382681,1.646850208,0.50071773,0.500000002,1.479738056,0.17
-0.65,130.5416019,0.759934208,0.005821395,0.35,2.171240593,65.27080094,0.33837594,1.646850208,0.500707755,0.500000002,1.479738056,0.175
-0.64,129.7918195,0.768374908,0.005920057,0.36,2.134374746,64.89590975,0.338369189,1.646850208,0.500697766,0.500000002,1.479738056,0.18
-0.63,129.0501225,0.776595133,0.006017779,0.37,2.098905764,64.52506127,0.338362428,1.646850208,0.500687761,0.500000002,1.479738056,0.185
-0.62,128.3161345,0.78460181,0.0061146,0.38,2.064741605,64.15806724,0.338355656,1.646850208,0.500677741,0.500000001,1.479738056,0.19
-0.61,127.589503,0.792401413,0.006210553,0.39,2.031798496,63.79475148,0.338348875,1.646850208,0.500667706,0.500000001,1.479738056,0.195
-0.6,126.8698976,0.8,0.006305672,0.4,2,63.43494882,0.338342083,1.646850208,0.500657656,0.500000001,1.479738056,0.2
-0.59,126.1570082,0.807403245,0.006399987,0.41,1.969276207,63.0785041,0.33833528,1.646850208,0.50064759,0.500000001,1.479738056,0.205
-0.58,125.4505426,0.814616474,0.006493527,0.42,1.939563034,62.72527132,0.338328468,1.646850208,0.500637509,0.500000001,1.479738056,0.21
-0.57,124.7502258,0.821644692,0.006586318,0.43,1.910801609,62.37511288,0.338321645,1.646850208,0.500627413,0.500000001,1.479738056,0.215
-0.56,124.0557977,0.828492607,0.006678387,0.44,1.882937743,62.02789887,0.338314812,1.646850208,0.500617302,0.500000001,1.479738056,0.22
-0.55,123.367013,0.835164654,0.006769757,0.45,1.855921454,61.68350648,0.338307969,1.646850208,0.500607176,0.500000001,1.479738056,0.225
-0.54,122.6836388,0.841665017,0.00686045,0.46,1.829706558,61.34181942,0.338301115,1.646850207,0.500597034,0.500000001,1.479738056,0.23
-0.53,122.0054548,0.847997642,0.00695049,0.47,1.804250301,61.00272741,0.338294251,1.646850207,0.500586877,0.500000001,1.479738056,0.235
-0.52,121.3322515,0.85416626,0.007039895,0.48,1.779513042,60.66612575,0.338287377,1.646850207,0.500576705,0.500000001,1.479738056,0.24
-0.51,120.6638297,0.860174401,0.007128685,0.49,1.755457961,60.33191487,0.338280492,1.646850207,0.500566518,0.500000001,1.479738056,0.245
-0.5,120,0.866025404,0.007216878,0.5,1.732050808,60,0.338273597,1.646850207,0.500556315,0.500000001,1.479738056,0.25
-0.49,119.3405816,0.871722433,0.007304493,0.51,1.709259672,59.67029079,0.338266692,1.646850207,0.500546097,0.500000001,1.479738056,0.255
-0.48,118.685402,0.877268488,0.007391545,0.52,1.687054785,59.34270101,0.338259776,1.646850207,0.500535864,0.500000001,1.479738056,0.26
-0.47,118.0342965,0.882666415,0.00747805,0.53,1.66540833,59.01714827,0.33825285,1.646850207,0.500525615,0.500000001,1.479738056,0.265
-0.46,117.3871075,0.887918915,0.007564024,0.54,1.644294287,58.69355375,0.338245914,1.646850207,0.500515351,0.500000001,1.479738056,0.27
-0.45,116.743684,0.893028555,0.007649481,0.55,1.623688282,58.37184198,0.338238967,1.646850207,0.500505072,0.500000001,1.479738056,0.275
-0.44,116.1038811,0.897997773,0.007734434,0.56,1.603567451,58.05194057,0.33823201,1.646850207,0.500494777,0.500000001,1.479738056,0.28
-0.43,115.4675601,0.902828887,0.007818896,0.57,1.583910329,57.73378007,0.338225043,1.646850207,0.500484467,0.500000001,1.479738056,0.285
-0.42,114.8345875,0.907524104,0.007902881,0.58,1.564696732,57.41729374,0.338218065,1.646850207,0.500474141,0.500000001,1.479738056,0.29
-0.41,114.2048348,0.912085522,0.0079864,0.59,1.545907665,57.1024174,0.338211076,1.646850206,0.500463801,0.500000001,1.479738056,0.295
-0.4,113.5781785,0.916515139,0.008069465,0.6,1.527525232,56.78908924,0.338204078,1.646850206,0.500453444,0.500000001,1.479738056,0.3
-0.39,112.9544994,0.920814857,0.008152087,0.61,1.509532552,56.4772497,0.338197068,1.646850206,0.500443073,0.500000001,1.479738056,0.305
-0.38,112.3336827,0.924986486,0.008234275,0.62,1.491913688,56.16684133,0.338190049,1.646850206,0.500432685,0.500000001,1.479738056,0.31
-0.37,111.7156173,0.929031754,0.008316042,0.63,1.474653578,55.85780864,0.338183019,1.646850206,0.500422283,0.500000001,1.479738056,0.315
-0.36,111.100196,0.932952303,0.008397396,0.64,1.457737974,55.55009801,0.338175978,1.646850206,0.500411865,0.500000001,1.479738056,0.32
-0.35,110.4873151,0.9367497,0.008478346,0.65,1.441153384,55.24365756,0.338168927,1.646850206,0.500401431,0.500000001,1.479738056,0.325
-0.34,109.8768741,0.940425436,0.008558902,0.66,1.424887024,54.93843704,0.338161866,1.646850206,0.500390982,0.500000001,1.479738056,0.33
-0.33,109.2687755,0.943980932,0.008639073,0.67,1.408926764,54.63438775,0.338154794,1.646850206,0.500380518,0.500000001,1.479738056,0.335
-0.32,108.6629249,0.947417543,0.008718867,0.68,1.393261092,54.33146244,0.338147712,1.646850206,0.500370038,0.500000001,1.479738056,0.34
-0.31,108.0592305,0.950736557,0.008798291,0.69,1.377879067,54.02961525,0.338140619,1.646850206,0.500359542,0.500000001,1.479738056,0.345
-0.3,107.4576031,0.953939201,0.008877354,0.7,1.362770288,53.72880156,0.338133516,1.646850206,0.500349031,0.500000001,1.479738056,0.35
-0.29,106.857956,0.957026645,0.008956064,0.71,1.347924853,53.42897801,0.338126402,1.646850206,0.500338505,0.500000001,1.479738056,0.355
-0.28,106.2602047,0.96,0.009034426,0.72,1.333333333,53.13010235,0.338119278,1.646850205,0.500327963,0.500000001,1.479738056,0.36
-0.27,105.6642669,0.962860322,0.00911245,0.73,1.318986743,52.83213343,0.338112143,1.646850205,0.500317405,0.500000001,1.479738056,0.365
-0.26,105.0700621,0.965608616,0.00919014,0.74,1.304876509,52.53503107,0.338104998,1.646850205,0.500306832,0.500000001,1.479738056,0.37
-0.25,104.4775122,0.968245837,0.009267505,0.75,1.290994449,52.23875609,0.338097842,1.646850205,0.500296243,0.500000001,1.479738056,0.375
-0.24,103.8865404,0.970772888,0.009344549,0.76,1.277332747,51.94327018,0.338090676,1.646850205,0.500285639,0.500000001,1.479738056,0.38
-0.23,103.2970717,0.973190629,0.00942128,0.77,1.263883934,51.64853587,0.338083499,1.646850205,0.500275019,0.500000001,1.479738056,0.385
-0.22,102.709033,0.975499872,0.009497703,0.78,1.250640861,51.3545165,0.338076311,1.646850205,0.500264383,0.500000001,1.479738056,0.39
-0.21,102.1223522,0.977701386,0.009573824,0.79,1.237596691,51.06117612,0.338069113,1.646850205,0.500253732,0.500000001,1.479738056,0.395
-0.2,101.536959,0.979795897,0.009649648,0.8,1.224744871,50.76847952,0.338061905,1.646850205,0.500243065,0.5,1.479738056,0.4
-0.19,100.9527842,0.98178409,0.009725181,0.81,1.212079124,50.4763921,0.338054685,1.646850205,0.500232383,0.5,1.479738056,0.405
-0.18,100.3697598,0.98366661,0.009800428,0.82,1.199593427,50.1848799,0.338047456,1.646850205,0.500221685,0.5,1.479738056,0.41
-0.17,99.78781906,0.985444062,0.009875394,0.83,1.187282003,49.89390953,0.338040215,1.646850205,0.500210971,0.5,1.479738056,0.415
-0.16,99.20689622,0.987117014,0.009950085,0.84,1.175139303,49.60344811,0.338032964,1.646850204,0.500200242,0.5,1.479738056,0.42
-0.15,98.62692656,0.988685997,0.010024504,0.85,1.163159996,49.31346328,0.338025703,1.646850204,0.500189496,0.5,1.479738056,0.425
-0.14,98.04784625,0.990151504,0.010098656,0.86,1.151338958,49.02392312,0.338018431,1.646850204,0.500178736,0.5,1.479738056,0.43
-0.13,97.46959232,0.991513994,0.010172547,0.87,1.139671257,48.73479616,0.338011148,1.646850204,0.500167959,0.5,1.479738056,0.435
-0.12,96.89210258,0.992773892,0.01024618,0.88,1.12815215,48.44605129,0.338003855,1.646850204,0.500157167,0.5,1.479738056,0.44
-0.11,96.31531557,0.993931587,0.010319559,0.89,1.116777064,48.15765778,0.337996551,1.646850204,0.500146359,0.5,1.479738056,0.445
-0.1,95.73917048,0.994987437,0.010392689,0.9,1.105541597,47.86958524,0.337989236,1.646850204,0.500135535,0.5,1.479738056,0.45
-0.09,95.16360709,0.995941765,0.010465574,0.91,1.0944415,47.58180355,0.337981911,1.646850204,0.500124695,0.5,1.479738056,0.455
-0.08,94.58856574,0.996794864,0.010538217,0.92,1.083472678,47.29428287,0.337974575,1.646850204,0.50011384,0.5,1.479738056,0.46
-0.07,94.01398722,0.997546991,0.010610623,0.93,1.072631174,47.00699361,0.337967228,1.646850204,0.500102969,0.5,1.479738056,0.465
-0.06,93.43981277,0.998198377,0.010682795,0.94,1.061913167,46.71990638,0.337959871,1.646850204,0.500092082,0.5,1.479738056,0.47
-0.05,92.86598398,0.998749218,0.010754737,0.95,1.051314966,46.43299199,0.337952503,1.646850204,0.50008118,0.5,1.479738056,0.475
-0.04,92.29244278,0.99919968,0.010826452,0.96,1.040833,46.14622139,0.337945124,1.646850204,0.500070261,0.5,1.479738056,0.48
-0.03,91.71913132,0.999549899,0.010897943,0.97,1.030463813,45.85956566,0.337937735,1.646850203,0.500059327,0.5,1.479738056,0.485
-0.02,91.145992,0.99979998,0.010969215,0.98,1.020204061,45.572996,0.337930335,1.646850203,0.500048377,0.5,1.479738056,0.49
-0.01,90.57296734,0.999949999,0.01104027,0.99,1.010050504,45.28648367,0.337922924,1.646850203,0.500037411,0.5,1.479738056,0.495
0,90,1,0.011111111,1,1,45,0.337915503,1.646850203,0.500026429,0.5,1.479738056,0.5
0.01,89.42703266,0.999949999,0.011181742,1.01,0.990049504,44.71351633,0.337908071,1.646850203,0.500015431,0.5,1.479738056,0.505
0.02,88.854008,0.99979998,0.011252165,1.02,0.980196059,44.427004,0.337900628,1.646850203,0.500004418,0.5,1.479738056,0.51
0.03,88.28086868,0.999549899,0.011322384,1.03,0.970436795,44.14043434,0.337893174,1.646850203,0.499993388,0.5,1.479738056,0.515
0.04,87.70755722,0.99919968,0.011392401,1.04,0.960768923,43.85377861,0.33788571,1.646850203,0.499982343,0.5,1.479738056,0.52
0.05,87.13401602,0.998749218,0.01146222,1.05,0.951189731,43.56700801,0.337878235,1.646850203,0.499971282,0.5,1.479738056,0.525
0.06,86.56018723,0.998198377,0.011531842,1.06,0.941696582,43.28009362,0.337870749,1.646850203,0.499960205,0.5,1.479738056,0.53
0.07,85.98601278,0.997546991,0.01160127,1.07,0.932286908,42.99300639,0.337863252,1.646850203,0.499949112,0.5,1.479738056,0.535
0.08,85.41143426,0.996794864,0.011670508,1.08,0.922958207,42.70571713,0.337855745,1.646850203,0.499938003,0.5,1.479738056,0.54
0.09,84.83639291,0.995941765,0.011739558,1.09,0.913708042,42.41819645,0.337848226,1.646850203,0.499926878,0.5,1.479738056,0.545
0.1,84.26082952,0.994987437,0.011808422,1.1,0.904534034,42.13041476,0.337840697,1.646850202,0.499915737,0.5,1.479738056,0.55
0.11,83.68468443,0.993931587,0.011877103,1.11,0.895433862,41.84234222,0.337833158,1.646850202,0.49990458,0.5,1.479738056,0.555
0.12,83.10789742,0.992773892,0.011945602,1.12,0.88640526,41.55394871,0.337825607,1.646850202,0.499893407,0.5,1.479738056,0.56
0.13,82.53040768,0.991513994,0.012013923,1.13,0.877446012,41.26520384,0.337818046,1.646850202,0.499882218,0.5,1.479738056,0.565
0.14,81.95215375,0.990151504,0.012082068,1.14,0.86855395,40.97607688,0.337810473,1.646850202,0.499871013,0.5,1.479738056,0.57
0.15,81.37307344,0.988685997,0.012150039,1.15,0.859726954,40.68653672,0.33780289,1.646850202,0.499859792,0.5,1.479738056,0.575
0.16,80.79310378,0.987117014,0.012217838,1.16,0.850962943,40.39655189,0.337795297,1.646850202,0.499848555,0.5,1.479738056,0.58
0.17,80.21218094,0.985444062,0.012285467,1.17,0.842259882,40.10609047,0.337787692,1.646850202,0.499837302,0.5,1.479738056,0.585
0.18,79.63024019,0.98366661,0.012352928,1.18,0.833615771,39.8151201,0.337780076,1.646850202,0.499826034,0.5,1.479738056,0.59
0.19,79.0472158,0.98178409,0.012420224,1.19,0.825028647,39.5236079,0.33777245,1.646850202,0.499814748,0.5,1.479738056,0.595
0.2,78.46304097,0.979795897,0.012487356,1.2,0.816496581,39.23152048,0.337764813,1.646850202,0.499803447,0.5,1.479738056,0.6
0.21,77.87764776,0.977701386,0.012554326,1.21,0.808017674,38.93882388,0.337757165,1.646850202,0.49979213,0.499999999,1.479738056,0.605
0.22,77.29096701,0.975499872,0.012621137,1.22,0.799590059,38.6454835,0.337749506,1.646850201,0.499780797,0.499999999,1.479738056,0.61
0.23,76.70292825,0.973190629,0.01268779,1.23,0.791211893,38.35146413,0.337741836,1.646850201,0.499769447,0.499999999,1.479738056,0.615
0.24,76.11345964,0.970772888,0.012754287,1.24,0.782881361,38.05672982,0.337734155,1.646850201,0.499758082,0.499999999,1.479738056,0.62
0.25,75.52248781,0.968245837,0.01282063,1.25,0.774596669,37.76124391,0.337726463,1.646850201,0.4997467,0.499999999,1.479738056,0.625
0.26,74.92993786,0.965608616,0.01288682,1.26,0.766356045,37.46496893,0.337718761,1.646850201,0.499735303,0.499999999,1.479738056,0.63
0.27,74.33573315,0.962860322,0.01295286,1.27,0.758157734,37.16786657,0.337711047,1.646850201,0.499723889,0.499999999,1.479738056,0.635
0.28,73.73979529,0.96,0.013018751,1.28,0.75,36.86989765,0.337703323,1.646850201,0.499712459,0.499999999,1.479738056,0.64
0.29,73.14204398,0.957026645,0.013084494,1.29,0.74188112,36.57102199,0.337695588,1.646850201,0.499701012,0.499999999,1.479738056,0.645
0.3,72.54239688,0.953939201,0.013150092,1.3,0.733799386,36.27119844,0.337687841,1.646850201,0.49968955,0.499999999,1.479738056,0.65
0.31,71.94076951,0.950736557,0.013215546,1.31,0.725753097,35.97038475,0.337680084,1.646850201,0.499678072,0.499999999,1.479738056,0.655
0.32,71.33707512,0.947417543,0.013280858,1.32,0.717740563,35.66853756,0.337672316,1.646850201,0.499666577,0.499999999,1.479738056,0.66
0.33,70.73122451,0.943980932,0.013346028,1.33,0.709760099,35.36561225,0.337664537,1.646850201,0.499655066,0.499999999,1.479738056,0.665
0.34,70.12312593,0.940425436,0.01341106,1.34,0.701810027,35.06156296,0.337656747,1.646850201,0.499643539,0.499999999,1.479738056,0.67
0.35,69.51268489,0.9367497,0.013475953,1.35,0.693888666,34.75634244,0.337648946,1.6468502,0.499631995,0.499999999,1.479738056,0.675
0.36,68.89980398,0.932952303,0.013540711,1.36,0.685994341,34.44990199,0.337641134,1.6468502,0.499620436,0.499999999,1.479738056,0.68
0.37,68.28438272,0.929031754,0.013605333,1.37,0.678125368,34.14219136,0.337633311,1.6468502,0.49960886,0.499999999,1.479738056,0.685
0.38,67.66631734,0.924986486,0.013669822,1.38,0.670280063,33.83315867,0.337625477,1.6468502,0.499597268,0.499999999,1.479738056,0.69
0.39,67.0455006,0.920814857,0.013734178,1.39,0.662456731,33.5227503,0.337617632,1.6468502,0.499585659,0.499999999,1.479738056,0.695
0.4,66.42182152,0.916515139,0.013798404,1.4,0.654653671,33.21091076,0.337609777,1.6468502,0.499574034,0.499999999,1.479738056,0.7
0.41,65.7951652,0.912085522,0.013862501,1.41,0.646869165,32.8975826,0.33760191,1.6468502,0.499562394,0.499999999,1.479738056,0.705
0.42,65.16541251,0.907524104,0.013926469,1.42,0.639101482,32.58270626,0.337594032,1.6468502,0.499550736,0.499999999,1.479738056,0.71
0.43,64.53243986,0.902828887,0.013990311,1.43,0.631348872,32.26621993,0.337586143,1.6468502,0.499539063,0.499999999,1.479738056,0.715
0.44,63.89611886,0.897997773,0.014054027,1.44,0.623609564,31.94805943,0.337578243,1.6468502,0.499527373,0.499999999,1.479738056,0.72
0.45,63.25631605,0.893028555,0.014117619,1.45,0.615881762,31.62815802,0.337570332,1.6468502,0.499515667,0.499999999,1.479738056,0.725
0.46,62.6128925,0.887918915,0.014181088,1.46,0.608163641,31.30644625,0.33756241,1.6468502,0.499503944,0.499999999,1.479738056,0.73
0.47,61.96570347,0.882666415,0.014244435,1.47,0.600453343,30.98285173,0.337554477,1.6468502,0.499492205,0.499999999,1.479738056,0.735
0.48,61.31459799,0.877268488,0.014307661,1.48,0.592748978,30.65729899,0.337546532,1.646850199,0.49948045,0.499999999,1.479738056,0.74
0.49,60.65941842,0.871722433,0.014370768,1.49,0.585048613,30.32970921,0.337538577,1.646850199,0.499468678,0.499999999,1.479738056,0.745
0.5,60,0.866025404,0.014433757,1.5,0.577350269,30,0.337530611,1.646850199,0.49945689,0.499999999,1.479738056,0.75
0.51,59.33617026,0.860174401,0.014496628,1.51,0.569651921,29.66808513,0.337522634,1.646850199,0.499445086,0.499999999,1.479738056,0.755
0.52,58.6677485,0.85416626,0.014559384,1.52,0.561951487,29.33387425,0.337514645,1.646850199,0.499433265,0.499999999,1.479738056,0.76
0.53,57.99454517,0.847997642,0.014622024,1.53,0.554246825,28.99727259,0.337506646,1.646850199,0.499421428,0.499999999,1.479738056,0.765
0.54,57.31636115,0.841665017,0.014684551,1.54,0.546535725,28.65818058,0.337498635,1.646850199,0.499409574,0.499999999,1.479738056,0.77
0.55,56.63298703,0.835164654,0.014746965,1.55,0.538815906,28.31649352,0.337490613,1.646850199,0.499397704,0.499999999,1.479738056,0.775
0.56,55.94420226,0.828492607,0.014809267,1.56,0.531085005,27.97210113,0.33748258,1.646850199,0.499385817,0.499999999,1.479738056,0.78
0.57,55.24977425,0.821644692,0.014871458,1.57,0.523340568,27.62488712,0.337474536,1.646850199,0.499373914,0.499999999,1.479738056,0.785
0.58,54.54945736,0.814616474,0.014933539,1.58,0.515580047,27.27472868,0.337466481,1.646850199,0.499361995,0.499999999,1.479738056,0.79
0.59,53.8429918,0.807403245,0.014995512,1.59,0.507800783,26.9214959,0.337458415,1.646850199,0.499350059,0.499999999,1.479738056,0.795
0.6,53.13010235,0.8,0.015057377,1.6,0.5,26.56505118,0.337450338,1.646850198,0.499338107,0.499999999,1.479738056,0.8
0.61,52.41049704,0.792401413,0.015119136,1.61,0.492174791,26.20524852,0.337442249,1.646850198,0.499326138,0.499999999,1.479738056,0.805
0.62,51.68386553,0.78460181,0.015180788,1.62,0.484322105,25.84193276,0.33743415,1.646850198,0.499314152,0.499999999,1.479738056,0.81
0.63,50.94987746,0.776595133,0.015242336,1.63,0.476438732,25.47493873,0.337426039,1.646850198,0.499302151,0.499999998,1.479738056,0.815
0.64,50.2081805,0.768374908,0.015303779,1.64,0.468521286,25.10409025,0.337417917,1.646850198,0.499290132,0.499999998,1.479738056,0.82
0.65,49.45839813,0.759934208,0.01536512,1.65,0.460566186,24.72919906,0.337409784,1.646850198,0.499278097,0.499999998,1.479738056,0.825
0.66,48.70012721,0.751265599,0.015426358,1.66,0.452569638,24.3500636,0.337401639,1.646850198,0.499266046,0.499999998,1.479738056,0.83
0.67,47.9329352,0.742361098,0.015487495,1.67,0.444527604,23.9664676,0.337393484,1.646850198,0.499253978,0.499999998,1.479738056,0.835
0.68,47.15635696,0.733212111,0.015548532,1.68,0.43643578,23.57817848,0.337385317,1.646850198,0.499241893,0.499999998,1.479738056,0.84
0.69,46.36989113,0.723809367,0.015609469,1.69,0.428289566,23.18494557,0.337377139,1.646850198,0.499229792,0.499999998,1.479738056,0.845
0.7,45.572996,0.714142843,0.015670307,1.7,0.420084025,22.786498,0.33736895,1.646850198,0.499217674,0.499999998,1.479738056,0.85
0.71,44.76508467,0.704201676,0.015731048,1.71,0.411813845,22.38254234,0.33736075,1.646850198,0.49920554,0.499999998,1.479738056,0.855
0.72,43.94551956,0.693974063,0.015791691,1.72,0.403473292,21.97275978,0.337352538,1.646850198,0.499193389,0.499999998,1.479738056,0.86
0.73,43.11360595,0.683447145,0.015852238,1.73,0.395056153,21.55680297,0.337344315,1.646850197,0.499181221,0.499999998,1.479738056,0.865
0.74,42.26858443,0.672606869,0.01591269,1.74,0.386555672,21.13429221,0.337336081,1.646850197,0.499169037,0.499999998,1.479738056,0.87
0.75,41.40962211,0.661437828,0.015973047,1.75,0.377964473,20.70481105,0.337327836,1.646850197,0.499156836,0.499999998,1.479738056,0.875
0.76,40.53580211,0.649923072,0.01603331,1.76,0.369274473,20.26790106,0.337319579,1.646850197,0.499144619,0.499999998,1.479738056,0.88
0.77,39.64611115,0.638043886,0.01609348,1.77,0.360476772,19.82305557,0.337311312,1.646850197,0.499132385,0.499999998,1.479738056,0.885
0.78,38.7394246,0.625779514,0.016153557,1.78,0.351561525,19.3697123,0.337303033,1.646850197,0.499120134,0.499999998,1.479738056,0.89
0.79,37.81448851,0.613106842,0.016213543,1.79,0.342517789,18.90724425,0.337294742,1.646850197,0.499107866,0.499999998,1.479738056,0.895
0.8,36.86989765,0.6,0.016273438,1.8,0.333333333,18.43494882,0.337286441,1.646850197,0.499095582,0.499999998,1.479738056,0.9
0.81,35.90406858,0.586429876,0.016333243,1.81,0.323994407,17.95203429,0.337278128,1.646850197,0.499083281,0.499999998,1.479738056,0.905
0.82,34.91520625,0.572363521,0.016392958,1.82,0.314485451,17.45760312,0.337269804,1.646850197,0.499070964,0.499999998,1.479738056,0.91
0.83,33.901262,0.557763391,0.016452585,1.83,0.304788738,16.950631,0.337261468,1.646850197,0.49905863,0.499999998,1.479738056,0.915
0.84,32.85988038,0.542586399,0.016512123,1.84,0.294883912,16.42994019,0.337253122,1.646850197,0.499046279,0.499999998,1.479738056,0.92
0.85,31.78833062,0.526782688,0.016571574,1.85,0.284747399,15.89416531,0.337244764,1.646850197,0.499033911,0.499999998,1.479738056,0.925
0.86,30.68341711,0.510294033,0.016630939,1.86,0.274351631,15.34170855,0.337236394,1.646850196,0.499021527,0.499999998,1.479738056,0.93
0.87,29.5413605,0.493051721,0.016690217,1.87,0.263664022,14.77068025,0.337228014,1.646850196,0.499009125,0.499999998,1.479738056,0.935
0.88,28.35763658,0.474973683,0.01674941,1.88,0.252645576,14.17881829,0.337219622,1.646850196,0.498996707,0.499999998,1.479738056,0.94
0.89,27.12675312,0.455960525,0.016808518,1.89,0.241248955,13.56337656,0.337211218,1.646850196,0.498984273,0.499999998,1.479738056,0.945
0.9,25.84193276,0.435889894,0.016867542,1.9,0.229415734,12.92096638,0.337202804,1.646850196,0.498971821,0.499999998,1.479738056,0.95
0.91,24.49464847,0.414608249,0.016926483,1.91,0.217072382,12.24732424,0.337194378,1.646850196,0.498959353,0.499999998,1.479738056,0.955
0.92,23.07391807,0.391918359,0.016985341,1.92,0.204124145,11.53695903,0.33718594,1.646850196,0.498946868,0.499999998,1.479738056,0.96
0.93,21.56518502,0.367559519,0.017044116,1.93,0.190445347,10.78259251,0.337177492,1.646850196,0.498934366,0.499999998,1.479738056,0.965
0.94,19.94844359,0.341174442,0.01710281,1.94,0.175863115,9.974221794,0.337169032,1.646850196,0.498921847,0.499999998,1.479738056,0.97
0.95,18.19487234,0.3122499,0.017161423,1.95,0.160128154,9.097436169,0.33716056,1.646850196,0.498909312,0.499999998,1.479738056,0.975
0.96,16.26020471,0.28,0.017219955,1.96,0.142857143,8.130102354,0.337152077,1.646850196,0.498896759,0.499999998,1.479738056,0.98
0.97,14.06986775,0.243104916,0.017278408,1.97,0.12340351,7.034933874,0.337143583,1.646850196,0.49888419,0.499999998,1.479738056,0.985
0.98,11.47834095,0.198997487,0.017336781,1.98,0.100503782,5.739170477,0.337135077,1.646850195,0.498871604,0.499999998,1.479738056,0.99
0.99,8.109614456,0.14106736,0.017395076,1.99,0.070888121,4.054807228,0.33712656,1.646850195,0.498859001,0.499999998,1.479738056,0.995
1,0,0,#DIV/0!,2,0,0,0.337118032,1.646850195,0.498846381,0.499999998,1.479738056,1
